year,average ratings
2012,3.859450632269625
2013,3.7026548953971443
2014,3.720416493151484
2015,3.807899363316617
2016,3.8553837275031126
2017,3.8681139504299065
2018,3.8554734780978364
